Workbook

Sheet Input
A1: BẢNG THAM SỐ ĐẦU VÀO M/M/c (Erlang C)
A3: Tham số | B3: Giá trị | C3: Đơn vị | D3: Ý nghĩa
A4: Tốc độ đến (λ) | B4: 1.5 | C4: khách/phút | D4: Số khách trung bình đến hệ thống trong 1 phút
A5: Thời gian phục vụ TB (E[S]) | B5: 3 | C5: phút | D5: Thời gian xử lý trung bình của 1 quầy
A6: Tốc độ phục vụ mỗi quầy (μ) | B6: =1/B5 | C6: khách/phút | D6: Năng suất phục vụ của 1 quầy (μ = 1/E[S])
A7: Cường độ tải giao thông (a) | B7: =B4*B5 | C7: Erlang | D7: Tải lượng công việc (a = λ / μ = λ * E[S])
A8: Ngưỡng thời gian chờ cam kết (t) | B8: 5 | C8: phút | D8: Ngưỡng thời gian chờ mục tiêu của SLA
A9: Mục tiêu cam kết dịch vụ (SLA) | B9: 0.9 | C9: tỉ lệ (90%) | D9: Tối thiểu 90% khách chờ <= t phút

Sheet ErlangC
A1: TÍNH TOÁN CÔNG THỨC ERLANG C VÀ XÁC ĐỊNH SỐ QUẦY TỐI THIỂU
A3: KẾT QUẢ TỐI ƯU:
A4: Số quầy nhỏ nhất đạt SLA: | B4: =INDEX(A10:A24, MATCH("ĐẠT", G10:G24, 0))
A5: Hiệu suất sử dụng tương ứng (ρ): | B5: =VLOOKUP(B4, A10:G24, 2, FALSE)
A6: Thời gian chờ trung bình (Wq): | B6: =VLOOKUP(B4, A10:G24, 4, FALSE)
A7: Tỉ lệ đạt SLA (P(Wq <= 5 phút)): | B7: =VLOOKUP(B4, A10:G24, 6, FALSE)
A9: Số quầy (c) | B9: Hiệu suất (ρ) | C9: Xác suất chờ C(c, a) | D9: TG chờ TB Wq (phút) | E9: Độ dài hàng Lq | F9: P(Wq <= 5 phút) | G9: Đạt SLA?
A10: =INT(Input!$B$7)+1 | B10: =Input!$B$7/A10 | C10: =(POISSON(A10,Input!$B$7,FALSE)/(1-B10))/((POISSON(A10,Input!$B$7,FALSE)/(1-B10))+POISSON(A10-1,Input!$B$7,TRUE)) | D10: =C10/(A10*Input!$B$6-Input!$B$4) | E10: =Input!$B$4*D10 | F10: =1-C10*EXP(-(A10*Input!$B$6-Input!$B$4)*Input!$B$8) | G10: =IF(F10>=Input!$B$9,"ĐẠT","KHÔNG")
A11: =A10+1 | B11: =Input!$B$7/A11 | C11: =(POISSON(A11,Input!$B$7,FALSE)/(1-B11))/((POISSON(A11,Input!$B$7,FALSE)/(1-B11))+POISSON(A11-1,Input!$B$7,TRUE)) | D11: =C11/(A11*Input!$B$6-Input!$B$4) | E11: =Input!$B$4*D11 | F11: =1-C11*EXP(-(A11*Input!$B$6-Input!$B$4)*Input!$B$8) | G11: =IF(F11>=Input!$B$9,"ĐẠT","KHÔNG")
A12: =A11+1 | B12: =Input!$B$7/A12 | C12: =(POISSON(A12,Input!$B$7,FALSE)/(1-B12))/((POISSON(A12,Input!$B$7,FALSE)/(1-B12))+POISSON(A12-1,Input!$B$7,TRUE)) | D12: =C12/(A12*Input!$B$6-Input!$B$4) | E12: =Input!$B$4*D12 | F12: =1-C12*EXP(-(A12*Input!$B$6-Input!$B$4)*Input!$B$8) | G12: =IF(F12>=Input!$B$9,"ĐẠT","KHÔNG")
A13: =A12+1 | B13: =Input!$B$7/A13 | C13: =(POISSON(A13,Input!$B$7,FALSE)/(1-B13))/((POISSON(A13,Input!$B$7,FALSE)/(1-B13))+POISSON(A13-1,Input!$B$7,TRUE)) | D13: =C13/(A13*Input!$B$6-Input!$B$4) | E13: =Input!$B$4*D13 | F13: =1-C13*EXP(-(A13*Input!$B$6-Input!$B$4)*Input!$B$8) | G13: =IF(F13>=Input!$B$9,"ĐẠT","KHÔNG")
A14: =A13+1 | B14: =Input!$B$7/A14 | C14: =(POISSON(A14,Input!$B$7,FALSE)/(1-B14))/((POISSON(A14,Input!$B$7,FALSE)/(1-B14))+POISSON(A14-1,Input!$B$7,TRUE)) | D14: =C14/(A14*Input!$B$6-Input!$B$4) | E14: =Input!$B$4*D14 | F14: =1-C14*EXP(-(A14*Input!$B$6-Input!$B$4)*Input!$B$8) | G14: =IF(F14>=Input!$B$9,"ĐẠT","KHÔNG")
A15: =A14+1 | B15: =Input!$B$7/A15 | C15: =(POISSON(A15,Input!$B$7,FALSE)/(1-B15))/((POISSON(A15,Input!$B$7,FALSE)/(1-B15))+POISSON(A15-1,Input!$B$7,TRUE)) | D15: =C15/(A15*Input!$B$6-Input!$B$4) | E15: =Input!$B$4*D15 | F15: =1-C15*EXP(-(A15*Input!$B$6-Input!$B$4)*Input!$B$8) | G15: =IF(F15>=Input!$B$9,"ĐẠT","KHÔNG")
A16: =A15+1 | B16: =Input!$B$7/A16 | C16: =(POISSON(A16,Input!$B$7,FALSE)/(1-B16))/((POISSON(A16,Input!$B$7,FALSE)/(1-B16))+POISSON(A16-1,Input!$B$7,TRUE)) | D16: =C16/(A16*Input!$B$6-Input!$B$4) | E16: =Input!$B$4*D16 | F16: =1-C16*EXP(-(A16*Input!$B$6-Input!$B$4)*Input!$B$8) | G16: =IF(F16>=Input!$B$9,"ĐẠT","KHÔNG")
A17: =A16+1 | B17: =Input!$B$7/A17 | C17: =(POISSON(A17,Input!$B$7,FALSE)/(1-B17))/((POISSON(A17,Input!$B$7,FALSE)/(1-B17))+POISSON(A17-1,Input!$B$7,TRUE)) | D17: =C17/(A17*Input!$B$6-Input!$B$4) | E17: =Input!$B$4*D17 | F17: =1-C17*EXP(-(A17*Input!$B$6-Input!$B$4)*Input!$B$8) | G17: =IF(F17>=Input!$B$9,"ĐẠT","KHÔNG")
A18: =A17+1 | B18: =Input!$B$7/A18 | C18: =(POISSON(A18,Input!$B$7,FALSE)/(1-B18))/((POISSON(A18,Input!$B$7,FALSE)/(1-B18))+POISSON(A18-1,Input!$B$7,TRUE)) | D18: =C18/(A18*Input!$B$6-Input!$B$4) | E18: =Input!$B$4*D18 | F18: =1-C18*EXP(-(A18*Input!$B$6-Input!$B$4)*Input!$B$8) | G18: =IF(F18>=Input!$B$9,"ĐẠT","KHÔNG")
A19: =A18+1 | B19: =Input!$B$7/A19 | C19: =(POISSON(A19,Input!$B$7,FALSE)/(1-B19))/((POISSON(A19,Input!$B$7,FALSE)/(1-B19))+POISSON(A19-1,Input!$B$7,TRUE)) | D19: =C19/(A19*Input!$B$6-Input!$B$4) | E19: =Input!$B$4*D19 | F19: =1-C19*EXP(-(A19*Input!$B$6-Input!$B$4)*Input!$B$8) | G19: =IF(F19>=Input!$B$9,"ĐẠT","KHÔNG")
A20: =A19+1 | B20: =Input!$B$7/A20 | C20: =(POISSON(A20,Input!$B$7,FALSE)/(1-B20))/((POISSON(A20,Input!$B$7,FALSE)/(1-B20))+POISSON(A20-1,Input!$B$7,TRUE)) | D20: =C20/(A20*Input!$B$6-Input!$B$4) | E20: =Input!$B$4*D20 | F20: =1-C20*EXP(-(A20*Input!$B$6-Input!$B$4)*Input!$B$8) | G20: =IF(F20>=Input!$B$9,"ĐẠT","KHÔNG")
A21: =A20+1 | B21: =Input!$B$7/A21 | C21: =(POISSON(A21,Input!$B$7,FALSE)/(1-B21))/((POISSON(A21,Input!$B$7,FALSE)/(1-B21))+POISSON(A21-1,Input!$B$7,TRUE)) | D21: =C21/(A21*Input!$B$6-Input!$B$4) | E21: =Input!$B$4*D21 | F21: =1-C21*EXP(-(A21*Input!$B$6-Input!$B$4)*Input!$B$8) | G21: =IF(F21>=Input!$B$9,"ĐẠT","KHÔNG")
A22: =A21+1 | B22: =Input!$B$7/A22 | C22: =(POISSON(A22,Input!$B$7,FALSE)/(1-B22))/((POISSON(A22,Input!$B$7,FALSE)/(1-B22))+POISSON(A22-1,Input!$B$7,TRUE)) | D22: =C22/(A22*Input!$B$6-Input!$B$4) | E22: =Input!$B$4*D22 | F22: =1-C22*EXP(-(A22*Input!$B$6-Input!$B$4)*Input!$B$8) | G22: =IF(F22>=Input!$B$9,"ĐẠT","KHÔNG")
... A24: =A23+1 | B24: =Input!$B$7/A24 | C24: =(POISSON(A24,Input!$B$7,FALSE)/(1-B24))/((POISSON(A24,Input!$B$7,FALSE)/(1-B24))+POISSON(A24-1,Input!$B$7,TRUE)) | D24: =C24/(A24*Input!$B$6-Input!$B$4) | E24: =Input!$B$4*D24 | F24: =1-C24*EXP(-(A24*Input!$B$6-Input!$B$4)*Input!$B$8) | G24: =IF(F24>=Input!$B$9,"ĐẠT","KHÔNG")

Sheet Tra_c
A1: BẢNG TRA SỐ QUẦY TỐI THIỂU ĐẠT SLA 90% (t <= 5 phút)
A3: λ (khách/phút) | B3: E[S] = 2.0 phút (μ = 0.50) | C3: E[S] = 3.0 phút (μ = 0.33) | D3: E[S] = 4.0 phút (μ = 0.25) | E3: E[S] = 5.0 phút (μ = 0.20)
A4: 0.5 | B4: 2 | C4: 3 | D4: 4 | E4: 4
A5: 0.75 | B5: 3 | C5: 4 | D5: 5 | E5: 6
A6: 1 | B6: 3 | C6: 4 | D6: 6 | E6: 7
A7: 1.25 | B7: 4 | C7: 5 | D7: 7 | E7: 8
A8: 1.5 | B8: 4 | C8: 6 | D8: 8 | E8: 10
A9: 1.75 | B9: 5 | C9: 7 | D9: 9 | E9: 11
A10: 2 | B10: 5 | C10: 8 | D10: 10 | E10: 12
A11: 2.25 | B11: 6 | C11: 8 | D11: 11 | E11: 13
A12: 2.5 | B12: 6 | C12: 9 | D12: 12 | E12: 15
A13: 2.75 | B13: 7 | C13: 10 | D13: 13 | E13: 16
A14: 3 | B14: 7 | C14: 11 | D14: 14 | E14: 17

Sheet Allen_Cunneen
A1: XẤP XỈ ALLEN - CUNNEEN CHO HÀNG ĐỢI M/G/c
A2: Công thức: Wq(M/G/c) ≈ (1 + cs²) / 2 * Wq(M/M/c)
A4: Số quầy c | B4: Wq M/M/c (cs²=1.0) | C4: Wq (cs²=0.5) | D4: Wq (cs²=1.2 - Thực tế) | E4: Wq (cs²=1.5) | F4: Tăng thời gian chờ do cs²>1
A5: 5 | B5: =ErlangC!D10 | C5: =(1 + 0.5)/2 * B5 | D5: =(1 + 1.20)/2 * B5 | E5: =(1 + 1.5)/2 * B5 | F5: =(D5 - B5)/B5
A6: 6 | B6: =ErlangC!D11 | C6: =(1 + 0.5)/2 * B6 | D6: =(1 + 1.20)/2 * B6 | E6: =(1 + 1.5)/2 * B6 | F6: =(D6 - B6)/B6
A7: 7 | B7: =ErlangC!D12 | C7: =(1 + 0.5)/2 * B7 | D7: =(1 + 1.20)/2 * B7 | E7: =(1 + 1.5)/2 * B7 | F7: =(D7 - B7)/B7
A8: 8 | B8: =ErlangC!D13 | C8: =(1 + 0.5)/2 * B8 | D8: =(1 + 1.20)/2 * B8 | E8: =(1 + 1.5)/2 * B8 | F8: =(D8 - B8)/B8
A9: 9 | B9: =ErlangC!D14 | C9: =(1 + 0.5)/2 * B9 | D9: =(1 + 1.20)/2 * B9 | E9: =(1 + 1.5)/2 * B9 | F9: =(D9 - B9)/B9
A10: 10 | B10: =ErlangC!D15 | C10: =(1 + 0.5)/2 * B10 | D10: =(1 + 1.20)/2 * B10 | E10: =(1 + 1.5)/2 * B10 | F10: =(D10 - B10)/B10
A11: 11 | B11: =ErlangC!D16 | C11: =(1 + 0.5)/2 * B11 | D11: =(1 + 1.20)/2 * B11 | E11: =(1 + 1.5)/2 * B11 | F11: =(D11 - B11)/B11
A12: 12 | B12: =ErlangC!D17 | C12: =(1 + 0.5)/2 * B12 | D12: =(1 + 1.20)/2 * B12 | E12: =(1 + 1.5)/2 * B12 | F12: =(D12 - B12)/B12
A13: 13 | B13: =ErlangC!D18 | C13: =(1 + 0.5)/2 * B13 | D13: =(1 + 1.20)/2 * B13 | E13: =(1 + 1.5)/2 * B13 | F13: =(D13 - B13)/B13
A14: 14 | B14: =ErlangC!D19 | C14: =(1 + 0.5)/2 * B14 | D14: =(1 + 1.20)/2 * B14 | E14: =(1 + 1.5)/2 * B14 | F14: =(D14 - B14)/B14

Sheet Quyet_dinh
A1: BẢNG QUYẾT ĐỊNH SỐ QUẦY THEO KHUNG GIỜ (SIPP LÝ THUYẾT)
A2: Dữ liệu tham số thực tế: E[S] = 2.88 phút, cs² = 1.20, SLA: P(Wq <= 5 phút) >= 90%
A4: Khung giờ | B4: λ (khách/phút) | C4: E[S] (phút) | D4: cs² | E4: Tải a (Erlang) | F4: Số quầy c (Erlang C) | G4: Hiệu suất ρ | H4: P(Wq <= 5) dự kiến | I4: Đạt SLA?
A5: 8h - 9h | B5: 1.019 | C5: 2.88 | D5: 1.2 | E5: =B5*C5 | F5: 4 | G5: =E5/F5 | H5: 0.9245 | I5: ĐẠT
A6: 9h - 10h | B6: 1.4333 | C6: 2.88 | D6: 1.2 | E6: =B6*C6 | F6: 6 | G6: =E6/F6 | H6: 0.9878 | I6: ĐẠT
A7: 10h - 11h | B7: 1.644 | C7: 2.88 | D7: 1.2 | E7: =B7*C7 | F7: 6 | G7: =E7/F7 | H7: 0.9453 | I7: ĐẠT
A8: 11h - 12h | B8: 1.4393 | C8: 2.88 | D8: 1.2 | E8: =B8*C8 | F8: 6 | G8: =E8/F8 | H8: 0.9873 | I8: ĐẠT
A9: 12h - 13h | B9: 1.2393 | C9: 2.88 | D9: 1.2 | E9: =B9*C9 | F9: 5 | G9: =E9/F9 | H9: 0.9668 | I9: ĐẠT
A10: 13h - 14h | B10: 1.2429 | C10: 2.88 | D10: 1.2 | E10: =B10*C10 | F10: 5 | G10: =E10/F10 | H10: 0.9659 | I10: ĐẠT
A11: 14h - 15h | B11: 1.3214 | C11: 2.88 | D11: 1.2 | E11: =B11*C11 | F11: 5 | G11: =E11/F11 | H11: 0.9398 | I11: ĐẠT
A12: 15h - 16h | B12: 1.3048 | C12: 2.88 | D12: 1.2 | E12: =B12*C12 | F12: 5 | G12: =E12/F12 | H12: 0.9466 | I12: ĐẠT
A13: 16h - 17h | B13: 1.0655 | C13: 2.88 | D13: 1.2 | E13: =B13*C13 | F13: 5 | G13: =E13/F13 | H13: 0.9912 | I13: ĐẠT
A14: TỔNG CỘNG / TRUNG BÌNH | F14: =SUM(F5:F13) | G14: =AVERAGE(G5:G13) | H14: =AVERAGE(H5:H13)
